City_ID,City,Lat,Lng,Max Temp,Humidity,Cloudiness,Wind Speed,Country,Date
0,taihecun,45.8,130.85,72.75,20,100,10.02,CN,1683862658
1,bethel,41.3712,-73.414,62.47,72,0,3.44,US,1683862616
2,puerto ayora,-0.7393,-90.3518,79.56,96,44,7.0,EC,1683862477
3,thompson,55.7435,-97.8558,51.96,62,20,8.05,CA,1683862616
4,college,64.8569,-147.8028,62.92,47,75,8.05,US,1683862620
5,mora,11.0461,14.1401,86.31,24,66,1.21,CM,1683862658
6,takehara,34.3383,132.9167,77.04,31,75,3.44,JP,1683862658
7,hami,42.8,93.45,80.04,7,68,5.66,CN,1683862658
8,carutapera,-1.195,-46.02,76.15,93,23,4.09,BR,1683862635
9,cabo san lucas,22.8909,-109.9124,76.6,49,20,18.41,MX,1683862549
10,wad medani,14.4012,33.5199,86.92,13,1,7.72,SD,1683862658
11,alesund,62.4723,6.1549,52.75,94,100,0.0,NO,1683862556
12,al bardiyah,31.7561,25.0865,62.64,82,0,7.74,LY,1683862658
13,adamstown,-25.066,-130.1015,72.1,60,100,16.91,PN,1683862616
14,ushuaia,-54.8,-68.3,51.46,54,75,3.44,AR,1683862326
15,yellowknife,62.456,-114.3525,59.52,38,75,4.61,CA,1683862616
16,invercargill,-46.4,168.35,53.35,79,83,8.68,NZ,1683862616
17,tsiombe,-25.3,45.4833,71.24,75,40,2.44,MG,1683862658
18,badger,64.8,-147.5333,62.85,41,40,8.05,US,1683862626
19,arteche,12.2645,125.4048,85.42,71,98,7.63,PH,1683862634
20,longyearbyen,78.2186,15.6401,22.84,80,75,8.05,SJ,1683862627
21,berala,-33.8754,151.0343,75.67,50,20,6.91,AU,1683862658
22,acajutla,13.5928,-89.8275,82.33,79,4,5.75,SV,1683862642
23,constitucion,-35.3333,-72.4167,58.24,68,71,7.87,CL,1683862641
24,avarua,-21.2078,-159.775,78.85,78,100,14.97,CK,1683862624
25,olonkinbyen,70.9221,-8.7187,32.9,91,81,15.59,SJ,1683862619
26,stanley,54.868,-1.6985,48.79,97,100,9.22,GB,1683862616
27,tiksi,71.6872,128.8694,15.51,77,93,16.02,RU,1683862624
28,san julian,21.0167,-102.1667,68.54,21,2,11.43,MX,1683862659
29,port mathurin,-19.6833,63.4167,77.92,77,70,22.53,MU,1683862634
30,port-aux-francais,-49.35,70.2167,46.56,92,100,47.29,TF,1683862616
31,waitangi,-43.9535,-176.5597,49.82,83,61,4.0,NZ,1683862616
32,edinburgh of the seven seas,-37.0676,-12.3116,62.89,87,94,28.03,SH,1683862619
33,grytviken,-54.2811,-36.5092,24.01,65,1,5.68,GS,1683862616
34,praia da vitoria,38.7333,-27.0667,62.76,100,75,6.85,PT,1683862659
35,bilibino,68.0546,166.4372,34.72,96,100,3.04,RU,1683862622
36,tolanaro,-25.0319,46.9987,73.47,94,40,13.8,MG,1683862628
37,afaahiti,-17.75,-149.2833,80.47,94,100,24.56,PF,1683862633
38,agat village,13.3886,144.6585,90.54,73,40,8.05,GU,1683862659
39,puerto natales,-51.7236,-72.4875,45.72,77,95,9.95,CL,1683862329
40,kingston,17.997,-76.7936,81.55,84,20,11.5,JM,1683862623
41,graham,47.0529,-122.2943,70.2,46,0,4.61,US,1683862552
42,bredasdorp,-34.5322,20.0403,52.59,79,89,12.15,ZA,1683862627
43,ulysses,37.5814,-101.3552,66.49,63,0,11.5,US,1683862659
44,ribeira grande,38.5167,-28.7,60.78,85,56,5.99,PT,1683862626
45,albany,42.6001,-73.9662,61.79,70,74,4.18,US,1683862516
46,papatowai,-46.5619,169.4708,52.23,90,100,9.48,NZ,1683862616
47,zapala,-38.8992,-70.0544,55.06,33,78,8.52,AR,1683862659
48,sisimiut,66.9395,-53.6735,26.83,84,100,12.75,GL,1683862635
49,udachny,66.4167,112.4,39.45,51,100,16.62,RU,1683862616
50,fonyod,46.7555,17.5795,50.18,95,100,10.94,HU,1683862659
51,rosso,16.4986,-15.8153,70.43,66,31,13.13,SN,1683862659
52,saynshand,44.8824,110.1163,56.3,31,45,12.01,MN,1683862659
53,tambopata,-12.7333,-69.1833,70.59,88,100,2.48,PE,1683862659
54,punta arenas,-53.15,-70.9167,46.51,76,75,10.36,CL,1683862618
55,aoulef,26.9667,1.0833,82.08,16,97,11.18,DZ,1683862659
56,ilulissat,69.2167,-51.1,26.62,93,100,13.8,GL,1683862619
57,aasiaat,68.7098,-52.8699,25.57,94,100,7.25,GL,1683862627
58,gadzhiyevo,69.2551,33.3362,38.52,100,100,7.05,RU,1683862660
59,kemijarvi,66.7131,27.4306,37.62,100,94,4.99,FI,1683862660
60,blackmans bay,-43.0167,147.3167,60.93,54,74,4.52,AU,1683862617
61,port hedland,-20.3167,118.5667,87.85,10,5,19.57,AU,1683862660
62,coquimbo,-29.9533,-71.3436,56.93,100,100,2.3,CL,1683862616
63,siwa oasis,29.2041,25.5195,65.41,66,0,5.79,EG,1683862660
64,xinpu,34.5997,119.1594,75.76,33,6,6.58,CN,1683862660
65,egilsstadir,65.2653,-14.3948,48.11,71,75,17.27,IS,1683862643
66,kudahuvadhoo,2.6708,72.8944,82.49,78,98,18.05,MV,1683862634
67,betio village,1.358,172.9211,89.64,78,100,11.81,KI,1683862661
68,natal,-5.795,-35.2094,79.02,83,40,4.61,BR,1683862461
69,sinabang,2.4803,96.3801,86.45,72,18,9.89,ID,1683862639
70,sao gabriel da cachoeira,-0.1303,-67.0892,72.01,98,70,1.05,BR,1683862637
71,morehead,37.2711,-87.1764,68.79,92,0,4.61,US,1683862661
72,trairi,-3.2778,-39.2689,75.7,88,66,3.38,BR,1683862576
73,aleksandrovsk-sakhalinskiy,50.8975,142.1561,43.97,61,5,7.0,RU,1683862661
74,lihue,21.9789,-159.3672,78.39,72,40,13.8,US,1683862630
75,yaren,-0.5472,166.916,84.22,76,96,11.3,NR,1683862661
76,aswan,24.0934,32.907,79.9,19,0,8.05,EG,1683862661
77,adam,22.3756,57.5233,88.34,44,4,8.12,OM,1683862661
78,guerrero negro,27.9769,-114.0611,58.37,81,77,20.09,MX,1683862501
79,nishinoomote,30.7333,131.0,70.36,77,75,8.05,JP,1683862655
80,alofi,-19.0595,-169.9187,82.29,74,40,12.66,NU,1683862416
81,hammerfest,70.6634,23.6821,41.45,100,100,21.85,NO,1683862662
82,xilin hot,43.9667,116.0333,61.63,36,39,11.79,CN,1683862662
83,sao joao da barra,-21.6403,-41.0511,70.81,84,100,6.55,BR,1683862662
84,jutai,-5.1833,-68.9,72.28,99,92,0.58,BR,1683862662
85,sandnessjoen,66.0217,12.6316,45.12,94,75,3.44,NO,1683862616
86,medicine hat,50.0501,-110.6683,55.83,90,40,2.3,CA,1683862631
87,laojunmiao,39.8333,97.7333,63.14,11,0,8.55,CN,1683862566
88,san salvador,13.6894,-89.1872,75.87,91,9,2.19,SV,1683862592
89,atafu village,-8.5421,-172.5159,84.09,77,63,12.71,TK,1683862627
90,margaret river,-33.95,115.0667,63.14,56,90,13.4,AU,1683862615
91,hede,33.7681,120.2517,74.39,36,12,5.79,CN,1683862662
92,vetluzhskiy,58.3902,45.4654,53.13,64,95,2.15,RU,1683862662
93,peterborough,52.5736,-0.2478,50.9,100,100,12.66,GB,1683862421
94,iqaluit,63.7506,-68.5145,17.33,93,20,3.44,CA,1683862615
95,kodiak,57.79,-152.4072,44.11,81,100,17.27,US,1683862627
96,eyl,7.9803,49.8164,82.47,77,98,13.04,SO,1683862587
97,long beach,33.767,-118.1892,63.37,82,0,9.22,US,1683862480
98,tazovsky,67.4667,78.7,8.89,88,54,8.81,RU,1683862621
99,george town,5.4112,100.3354,93.15,70,20,4.61,MY,1683862379
100,kapa'a,22.0752,-159.319,79.12,72,40,13.8,US,1683862642
101,astara,38.5,48.6667,58.98,98,99,2.39,AZ,1683862662
102,banswara,23.55,74.45,98.83,11,0,7.09,IN,1683862662
103,kaliua,-5.0606,31.7936,63.16,94,62,2.95,TZ,1683862662
104,fuyuan,46.4333,127.0833,70.36,26,100,14.45,CN,1683862662
105,crucecita,-28.95,-58.9833,50.25,84,4,5.5,AR,1683862662
106,qaqortoq,60.7167,-46.0333,34.97,87,100,4.92,GL,1683862619
107,illizi,26.4833,8.4667,71.4,21,94,10.18,DZ,1683862663
108,la passe,45.5549,-0.8967,52.99,87,87,4.21,FR,1683862636
109,polyarnyy,69.1989,33.4478,39.06,100,100,6.89,RU,1683862617
110,tura,25.5198,90.2201,92.91,34,71,1.28,IN,1683862617
111,nacozari viejo,30.4,-109.65,58.08,18,3,4.18,MX,1683862663
112,fortuna,40.5982,-124.1573,53.65,89,100,8.05,US,1683862638
113,bikenibeu village,1.3673,173.1241,89.56,70,20,9.22,KI,1683862633
114,charlottetown,46.2352,-63.1267,48.78,65,75,10.36,CA,1683862663
115,constantia,44.1833,28.65,41.7,63,66,11.68,RO,1683862445
116,manaure,11.7751,-72.4445,80.49,72,5,10.56,CO,1683862663
117,altdorf,49.3875,11.3572,48.81,91,100,9.04,DE,1683862663
118,dudinka,69.4058,86.1778,7.63,92,78,14.83,RU,1683862627
119,vernon,50.2581,-119.2691,68.36,37,27,1.14,CA,1683862514
120,fairview,40.8126,-73.999,73.42,44,0,10.36,US,1683862438
121,kovdor,67.5662,30.4758,38.37,98,100,4.45,RU,1683862663
122,lata,40.1629,-8.3327,52.07,83,1,3.44,PT,1683862621
123,logrono,42.4667,-2.45,49.5,66,75,4.61,ES,1683862663
124,pisco,-13.7,-76.2167,68.05,77,100,9.22,PE,1683862480
125,luwuk,-0.9516,122.7875,84.38,81,92,6.2,ID,1683862663
126,vera,-29.4593,-60.2126,51.93,76,6,7.09,AR,1683862663
127,noshiro,40.2039,140.0242,63.43,52,2,7.4,JP,1683862663
128,trapani,37.8333,12.6667,59.27,82,40,4.61,IT,1683862663
129,hawaiian paradise park,19.5933,-154.9731,75.04,81,100,9.22,US,1683862618
130,yeed,4.55,43.0333,76.77,72,41,15.19,SO,1683862664
131,revda,56.801,59.9303,48.4,40,66,8.37,RU,1683862574
132,xique xique,-10.8217,-42.7311,77.32,63,88,3.22,BR,1683862664
133,jamestown,42.097,-79.2353,62.24,63,0,1.01,US,1683862516
134,cova figueira,14.8905,-24.2934,68.68,82,5,9.42,CV,1683862664
135,darwin,-12.4611,130.8418,85.95,23,0,15.01,AU,1683862420
136,ilha de mocambique,-15.0342,40.7358,74.28,88,87,8.14,MZ,1683862615
137,dakhla,23.6848,-15.958,65.14,91,22,14.03,EH,1683862664
138,lincheng,19.9078,109.6858,81.63,83,71,13.24,CN,1683862664
139,hermanus,-34.4187,19.2345,49.8,75,93,17.16,ZA,1683862616
140,luanco,43.6152,-5.7934,54.01,92,88,6.67,ES,1683862664
141,extrema,-22.8547,-46.3183,54.93,95,46,3.36,BR,1683862664
142,sitka,57.0531,-135.33,55.29,50,100,16.11,US,1683862619
143,puerto deseado,-47.7503,-65.8938,54.37,52,100,17.13,AR,1683862664
144,wailua homesteads,22.0669,-159.378,77.79,73,40,13.8,US,1683862621
145,remire-montjoly,4.9167,-52.2667,73.44,100,0,0.0,GF,1683862402
146,lolodorf,3.2333,10.7333,70.7,99,99,1.88,CM,1683862664
147,flying fish cove,-10.4217,105.6791,82.08,89,100,16.11,CX,1683862474
148,lompoc,34.6391,-120.4579,57.78,89,40,14.97,US,1683862664
149,ancud,-41.8697,-73.8203,53.92,98,100,6.58,CL,1683862367
150,takoradi,4.8845,-1.7554,80.35,85,99,3.96,GH,1683862665
151,iskateley,67.6803,53.1512,33.08,100,100,6.42,RU,1683862625
152,yucheng,34.9289,116.4653,79.18,30,40,10.36,CN,1683862665
153,saipan,15.1355,145.701,92.1,100,40,10.36,MP,1683862624
154,petropavlovsk-kamchatsky,53.0452,158.6483,43.39,65,75,8.95,RU,1683862638
155,lebu,-37.6167,-73.65,54.36,93,100,4.41,CL,1683862665
156,mount gambier,-37.8333,140.7667,60.75,50,3,5.44,AU,1683862621
157,norak,38.3892,69.3227,71.31,41,98,3.6,TJ,1683862665
158,akhmet'a,42.0311,45.2075,54.12,99,100,2.15,GE,1683862665
159,namibe,-15.1961,12.1522,71.94,77,16,5.93,AO,1683862618
160,howard springs,-12.497,131.047,85.87,32,15,9.86,AU,1683862665
161,forio,40.7342,13.8646,62.42,86,3,5.01,IT,1683862665
162,salina cruz,16.1667,-95.2,84.18,73,91,7.07,MX,1683862665
163,trindade,-16.6494,-49.4889,65.95,83,65,2.42,BR,1683862665
164,glace bay,46.1969,-59.957,38.89,80,20,7.0,CA,1683862615
165,kimbe,-5.5502,150.1429,85.89,74,75,4.63,PG,1683862665
166,port lincoln,-34.7333,135.8667,61.63,57,12,10.76,AU,1683862435
167,colonia,50.9333,6.95,55.96,93,100,3.44,DE,1683862462
168,acarau,-2.8856,-40.12,77.79,83,21,5.17,BR,1683862637
169,tindivanam,12.25,79.65,91.49,48,100,7.05,IN,1683862665
170,west island,-12.1568,96.8225,85.98,74,40,12.66,CC,1683862626
171,alpine,32.835,-116.7664,57.67,81,20,9.22,US,1683862666
172,faya-largeau,17.9257,19.1043,80.62,24,80,17.0,TD,1683862666
173,songjiang,31.036,121.2146,71.56,38,96,3.04,CN,1683862666
174,selfoss,63.9331,-20.9971,48.04,97,100,20.67,IS,1683862640
175,sorong,-0.8833,131.25,82.36,79,95,8.52,ID,1683862666
176,kargasok,59.0556,80.8572,34.68,48,95,12.37,RU,1683862560
177,midvagur,62.0511,-7.1939,47.23,87,100,1.14,FO,1683862666
178,sihanoukville,10.6093,103.5296,89.55,70,40,5.75,KH,1683862666
179,turinsk,58.0458,63.696,45.79,38,45,5.19,RU,1683862666
180,fort bragg,35.139,-79.006,68.2,68,0,6.91,US,1683862616
181,rabo de peixe,37.8,-25.5833,60.31,88,75,3.44,PT,1683862666
182,modimolle,-24.7,28.4,56.52,54,0,2.68,ZA,1683862666
183,palmerston north,-40.35,175.6167,55.06,77,42,1.01,NZ,1683862666
184,black river,18.0264,-77.8487,77.95,77,73,3.6,JM,1683862666
185,kruisfontein,-34.0033,24.7314,56.88,73,100,16.17,ZA,1683862638
186,vadso,70.0744,29.7487,43.68,100,75,12.66,NO,1683862635
187,kadipur,26.1667,82.3833,97.47,8,0,7.07,IN,1683862666
188,elliot lake,46.3834,-82.6331,54.86,94,34,4.92,CA,1683862666
189,walvis bay,-22.9575,14.5053,58.15,94,100,12.66,NA,1683862632
190,tabas,33.5959,56.9244,83.35,18,35,1.83,IR,1683862666
191,isafjordur,66.0755,-23.124,42.26,97,100,5.39,IS,1683862627
192,vilyuchinsk,52.9306,158.4028,44.87,86,99,3.6,RU,1683862619
193,vorgashor,67.5833,63.95,20.28,86,20,6.91,RU,1683862628
194,anadyr,64.75,177.4833,39.7,70,0,4.47,RU,1683862632
195,enewetak,11.3474,162.3373,82.18,81,90,15.95,MH,1683862619
196,stephenville,32.2207,-98.2023,79.16,82,0,11.5,US,1683862667
197,tazacorte,28.629,-17.9293,67.17,92,75,13.8,ES,1683862632
198,san sebastian de la gomera,28.0916,-17.1133,68.36,82,20,1.14,ES,1683862667
199,la romana,18.4273,-68.9728,77.36,94,40,0.0,DO,1683862667
200,georgetown,5.4112,100.3354,93.15,70,20,4.61,MY,1683862619
201,yugorsk,61.3133,63.3319,46.58,39,26,7.45,RU,1683862667
202,west plains,36.7281,-91.8524,67.03,91,100,5.01,US,1683862667
203,ocean shores,46.9737,-124.1563,56.01,80,86,5.99,US,1683862667
204,uturoa,-16.7333,-151.4333,77.27,87,100,10.98,PF,1683862644
205,nova sintra,14.8667,-24.7167,67.21,83,7,16.46,CV,1683862618
206,gaspe,48.8334,-64.4819,39.11,93,0,0.0,CA,1683862641
207,beyneu,45.3167,55.2,67.17,61,9,16.78,KZ,1683862667
208,dvurechensk,56.5982,61.0953,48.58,38,76,7.45,RU,1683862667
209,adilcevaz,38.8039,42.7342,57.9,58,73,4.61,TR,1683862667
210,cafayate,-26.073,-65.9761,57.43,82,67,1.12,AR,1683862667
211,souillac,-20.5167,57.5167,75.58,83,40,6.91,MU,1683862667
212,keflavik,64.0049,-22.5624,49.91,93,100,13.8,IS,1683862642
213,chonchi,-42.6128,-73.8092,55.11,98,100,2.68,CL,1683862667
214,kilindoni,-7.9139,39.6668,79.84,78,15,11.16,TZ,1683862668
215,bumba,2.1833,22.4667,70.74,97,85,2.37,CD,1683862668
216,port elizabeth,-33.918,25.5701,59.29,88,0,17.27,ZA,1683862619
217,khandyga,62.6667,135.6,42.66,58,100,4.14,RU,1683862668
218,karratha,-20.7377,116.8463,84.18,18,0,18.21,AU,1683862668
219,holualoa,19.6228,-155.9522,78.55,79,40,6.91,US,1683862626
220,coahuayana de hidalgo,18.7,-103.6583,76.91,79,80,0.76,MX,1683862625
221,leava,-14.3,-178.1667,83.55,72,12,15.9,WF,1683862668
222,katsuura,35.1333,140.3,64.33,53,96,7.11,JP,1683862638
223,taltal,-25.4,-70.4833,61.74,83,22,2.73,CL,1683862668
224,novodvinsk,64.4165,40.8122,44.28,80,99,2.86,RU,1683862668
225,carloforte,39.145,8.3058,60.17,66,25,6.62,IT,1683862668
226,zhezqazghan,47.7833,67.7667,73.98,31,0,2.24,KZ,1683862668
227,tutoia,-2.7619,-42.2744,77.81,89,64,6.4,BR,1683862668
228,beau vallon,-20.4189,57.6953,75.43,83,40,6.91,MU,1683862669
229,ocean city,39.2776,-74.5746,62.62,85,0,4.0,US,1683862669
230,beaver falls,40.752,-80.3192,65.77,77,29,1.79,US,1683862669
231,bandarbeyla,9.4942,50.8122,82.56,81,81,12.8,SO,1683862669
232,susuman,62.7833,148.1667,42.28,67,99,5.28,RU,1683862633
233,olinda,-8.0089,-34.8553,82.13,65,75,5.75,BR,1683862669
234,bamboo flat,11.7,92.7167,85.53,75,98,23.89,IN,1683862638
235,ingeniero jacobacci,-41.3427,-69.5448,48.78,67,94,9.22,AR,1683862644
236,spanish wells,26.323,-81.7957,80.98,64,0,11.5,US,1683862669
237,hamilton,39.1834,-84.5333,71.01,81,0,5.75,US,1683862542
238,tomatlan,19.9333,-105.25,74.91,58,44,1.7,MX,1683862670
239,boke,10.9409,-14.2967,77.34,77,100,3.87,GN,1683862670
240,kuvshinovo,57.0295,34.1725,52.32,63,98,4.65,RU,1683862670
241,tralee,52.2704,-9.7026,45.75,96,16,3.24,IE,1683862629
242,smithers,54.7804,-127.1743,62.92,34,75,5.75,CA,1683862510
243,weno,7.4515,151.8468,89.55,70,75,6.91,FM,1683862643
244,queenstown,-31.8976,26.8753,54.48,81,100,3.33,ZA,1683862631
245,talnakh,69.4865,88.3972,7.21,80,51,10.71,RU,1683862618
246,caleta de carquin,-11.0925,-77.6267,70.54,84,99,8.16,PE,1683862671
247,mesquite,32.7668,-96.5992,81.01,82,99,7.0,US,1683862671
248,tyukhtet,56.5389,89.3011,50.63,52,100,12.37,RU,1683862672
249,katsuren-haebaru,26.3369,127.8719,77.4,58,40,12.66,JP,1683862672
250,cradock,-32.1642,25.6192,54.0,88,100,6.4,ZA,1683862672
251,keban,38.7978,38.7336,64.74,63,100,4.76,TR,1683862602
252,magadan,59.5667,150.8,45.54,78,46,5.48,RU,1683862672
253,kadom,54.5592,42.4675,50.88,71,52,9.31,RU,1683862672
254,alice springs,-23.7,133.8833,69.35,23,0,13.8,AU,1683862629
255,fernie,49.5,-115.0687,55.6,66,32,2.89,CA,1683862672
256,utrik,11.2278,169.8474,81.5,79,86,16.73,MH,1683862618
257,conceicao do araguaia,-8.2578,-49.2647,73.94,83,93,0.65,BR,1683862672
258,gardez,33.5974,69.2259,63.84,35,2,2.86,AF,1683862672
259,mhamid,29.82,-5.72,76.86,18,6,2.91,MA,1683862672
260,flin flon,54.7682,-101.865,57.99,40,100,9.53,CA,1683862635
261,saldanha,-33.0117,17.9442,51.85,70,28,29.64,ZA,1683862633
262,es castell,39.8795,4.2854,54.28,94,0,3.44,ES,1683862672
263,tropea,38.6754,15.8948,54.7,77,46,3.91,IT,1683862672
264,salmon arm,50.6998,-119.3024,67.32,45,28,2.3,CA,1683862657
265,al hasakah,36.5024,40.7477,77.94,24,100,10.74,SY,1683862673
266,carnarvon,-24.8667,113.6333,77.16,49,0,7.56,AU,1683862513
267,satteldorf,49.1701,10.0787,50.56,98,100,1.81,DE,1683862673
268,koesan,36.8108,127.7947,70.79,38,100,5.88,KR,1683862673
269,aldinga beach,-35.2793,138.4604,68.43,70,61,12.33,AU,1683862673
270,raduzhny,62.0961,77.475,25.21,50,93,9.8,RU,1683862644
271,vredendal,-31.6683,18.5012,54.03,64,100,12.75,ZA,1683862673
272,thunder bay,48.4001,-89.3168,53.58,82,20,9.22,CA,1683862552
273,hacienda huancane,-15.8222,-70.8856,33.03,83,100,2.55,PE,1683862673
274,greymouth,-42.4667,171.2,54.36,54,5,2.64,NZ,1683862673
275,ust-nera,64.5667,143.2,41.09,63,100,3.13,RU,1683862624
276,trancas,-26.2314,-65.2803,61.18,73,97,0.38,AR,1683862673
277,xai-xai,-25.0519,33.6442,65.41,85,0,7.56,MZ,1683862673
278,pyapon,16.2833,95.6833,77.47,90,100,1.05,MM,1683862673
279,willowmore,-33.2926,23.4895,49.15,78,100,14.38,ZA,1683862673
280,gorontalo,0.5412,123.0595,88.11,63,97,6.51,ID,1683862643
281,la almunia de dona godina,41.4767,-1.3745,50.0,75,10,5.23,ES,1683862673
282,hithadhoo,-0.6,73.0833,83.52,75,100,16.49,MV,1683862617
283,kandyagash,49.4744,57.4233,61.59,67,100,9.62,KZ,1683862673
284,nanpiao,41.0982,120.7479,81.95,20,27,15.97,CN,1683862674
285,bayevo,53.2833,80.7667,56.86,42,71,5.55,RU,1683862674
286,vila velha,-20.3297,-40.2925,73.94,89,75,3.44,BR,1683862635
287,villa gesell,-37.2639,-56.973,55.06,78,10,8.12,AR,1683862639
288,leua,48.2156,18.6071,51.3,81,100,7.34,SK,1683862674
289,onguday,50.75,86.15,61.43,55,100,4.36,RU,1683862674
290,crane,31.3974,-102.3501,75.58,12,1,3.58,US,1683862631
291,loreto,22.2667,-101.9667,69.01,19,1,10.49,MX,1683862674
292,bonthe,7.5264,-12.505,79.65,84,67,4.34,SL,1683862636
293,soio,-6.1349,12.3689,78.85,91,72,6.44,AO,1683862674
294,arraial do cabo,-22.9661,-42.0278,72.48,74,96,10.74,BR,1683862332
295,whitehorse,60.7161,-135.0538,56.17,35,75,13.8,CA,1683862606
296,fang,19.9169,99.2145,94.57,43,80,2.35,TH,1683862674
297,svetlyy,54.675,20.1347,47.97,76,3,8.05,RU,1683862674
298,kavaratti,10.5669,72.642,84.97,67,100,5.84,IN,1683862674
299,nikel,69.4128,30.222,42.98,100,100,4.27,RU,1683862674
300,codrington,-38.2667,141.9667,59.38,58,59,7.9,AU,1683862625
301,marrakesh,31.6315,-8.0083,62.67,63,0,8.05,MA,1683862509
302,malango,-2.9627,119.9001,83.77,61,91,4.38,ID,1683862674
303,borinskoye,52.4569,39.3713,48.36,80,70,8.75,RU,1683862674
304,lagos de moreno,21.35,-101.9167,68.92,20,2,5.79,MX,1683862674
305,akureyri,65.6835,-18.0878,48.13,76,100,21.85,IS,1683862675
306,de aar,-30.6497,24.0123,50.27,42,100,3.0,ZA,1683862675
307,broken hill,-31.95,141.4333,68.02,25,44,4.03,AU,1683862639
308,geraldton,-28.7667,114.6,81.01,29,7,14.97,AU,1683862423
309,pionerskiy,54.9508,20.2275,47.75,58,4,10.83,RU,1683862675
310,lieto,60.5103,22.4618,42.96,80,0,1.14,FI,1683862675
311,sur,22.5667,59.5289,92.57,40,0,7.63,OM,1683862630
312,st. john's,47.5649,-52.7093,38.28,66,40,19.57,CA,1683862640
313,ta`u,-14.2336,-169.5144,82.08,75,23,9.78,AS,1683862642
314,khanty-mansiysk,61.0042,69.0019,39.31,60,0,8.99,RU,1683862675
315,petauke,-14.2426,31.3253,56.01,73,0,3.24,ZM,1683862637
316,north bend,43.4065,-124.2243,55.17,87,100,8.05,US,1683862675
317,hawkinsville,32.2838,-83.4721,73.63,93,100,6.04,US,1683862675
318,prince rupert,54.3161,-130.3201,57.29,51,75,21.85,CA,1683862631
319,argo,37.6333,22.7333,53.78,87,11,4.23,GR,1683862549
320,ebebiyin,2.1511,11.3353,67.91,99,100,0.81,GQ,1683862675
321,fale old settlement,-9.3852,-171.2468,83.8,76,25,13.38,TK,1683862620
322,margate,51.3813,1.3862,51.87,89,100,8.99,GB,1683862630
323,amga,60.8953,131.9608,41.56,44,100,5.88,RU,1683862675
324,filipstad,59.7124,14.1683,47.73,65,30,1.97,SE,1683862675
325,mount isa,-20.7333,139.5,82.17,26,0,13.8,AU,1683862675
326,mersa matruh,31.3525,27.2453,64.6,82,40,10.36,EG,1683862676
327,kimberley,-28.7323,24.7623,51.49,62,0,9.22,ZA,1683862676
328,sirte,31.2089,16.5887,63.61,81,0,3.98,LY,1683862676
329,recani,31.2846,-4.2688,76.01,23,26,15.26,MA,1683862676
330,buka,40.8108,69.1986,78.01,32,100,6.82,UZ,1683862577
331,mili,6.0815,171.735,81.57,83,81,20.58,MH,1683862676
332,agua dulce,18.1333,-94.1333,80.02,74,93,5.44,MX,1683862676
333,resita,45.3008,21.8892,54.9,76,100,8.05,RO,1683862676
334,bikin,46.8161,134.26,68.92,30,3,6.82,RU,1683862676
335,san diego,32.7153,-117.1573,61.88,81,75,9.22,US,1683862459
336,anaconda,46.1285,-112.9423,49.19,80,87,3.44,US,1683862676
337,baiyin,36.5583,104.2081,66.45,15,100,6.8,CN,1683862676
338,mugia,43.1041,-9.2179,55.17,80,70,14.97,ES,1683862676
339,isangel,-19.55,169.2667,78.91,94,100,2.3,VU,1683862667
340,andergrove,-21.0833,149.1833,77.65,75,10,16.89,AU,1683862627
341,mahina,-17.5065,-149.489,82.17,69,75,3.44,PF,1683862535
342,akune,32.0167,130.2,70.9,57,75,8.95,JP,1683862676
343,san luis de la loma,17.2706,-100.8939,81.32,78,91,2.17,MX,1683862637
344,bondoukou,8.0333,-2.8,73.56,97,64,4.61,CI,1683862676
345,kurtamysh,54.9103,64.4319,52.12,50,75,10.13,RU,1683862677
346,hanceville,34.0607,-86.7675,69.66,97,100,5.75,US,1683862677
347,guabiraba,-8.4167,-35.6667,67.14,95,23,1.99,BR,1683862677
348,pemba,-12.974,40.5178,74.1,100,75,5.75,MZ,1683862677
349,axim,4.8699,-2.2405,80.4,84,100,3.83,GH,1683862677
350,touros,-5.1989,-35.4608,78.44,80,90,8.55,BR,1683862622
351,okhotsk,59.3833,143.3,38.3,78,100,7.09,RU,1683862677
352,palu,-0.8917,119.8707,91.67,52,99,2.39,ID,1683862677
353,quirinopolis,-18.4483,-50.4517,65.97,92,63,3.85,BR,1683862475
354,katsina-ala,7.1667,9.2833,79.2,83,99,9.86,NG,1683862677
355,severo-yeniseyskiy,60.3725,93.0408,32.16,74,100,9.06,RU,1683862677
356,booue,-0.0921,11.9385,73.2,99,100,1.59,GA,1683862677
357,mao,39.8885,4.2658,54.16,94,0,3.44,ES,1683862677
358,las palmas,28.4204,-14.0131,63.39,77,100,21.85,ES,1683862677
359,timaru,-44.4,171.25,58.06,67,100,5.01,NZ,1683862677
360,garachico,28.7781,-17.7646,64.51,68,75,13.8,ES,1683862643
361,wahpeton,46.2652,-96.6059,70.52,77,100,6.91,US,1683862677
362,sangsong-ni,39.1694,126.8856,68.72,37,100,8.84,KP,1683862677
363,yuzhno-kurilsk,44.0306,145.8556,46.4,66,13,3.09,RU,1683862626
364,gaogou,34.0175,119.1886,75.24,40,10,6.29,CN,1683862678
365,shingu,33.7333,135.9833,68.29,50,24,5.79,JP,1683862678
366,siuna,13.7332,-84.7773,75.06,87,64,0.65,NI,1683862678
367,afogados da ingazeira,-7.7508,-37.6392,72.68,69,86,5.3,BR,1683862678
368,baykalovo,57.3981,63.7684,46.83,35,2,6.22,RU,1683862678
369,berdigestyakh,62.0989,126.6992,40.78,38,100,6.53,RU,1683862640
370,itoman,26.1247,127.6694,77.4,61,40,12.66,JP,1683862644
371,sejenane,37.0572,9.2381,56.35,83,100,1.23,TN,1683862678
372,vanimo,-2.6741,141.3028,83.34,82,89,7.72,PG,1683862678
373,anloga,5.7947,0.8973,83.5,80,29,9.04,GH,1683862678
374,portland,45.5234,-122.6762,75.18,49,20,3.44,US,1683862480
375,kolonia town,6.964,158.206,87.8,74,100,5.75,FM,1683862571
376,muravlenko,63.7898,74.523,20.34,75,99,7.45,RU,1683862678
377,post,33.1909,-101.3782,69.06,12,0,10.29,US,1683862678
378,kapuskasing,49.4169,-82.4331,59.09,88,75,6.91,CA,1683862624
379,fort st. john,56.2499,-120.8529,66.09,39,75,5.75,CA,1683862617
380,vypasne,45.8756,34.1773,51.1,66,11,7.58,UA,1683862678
381,idabel,33.8957,-94.8263,75.15,100,100,11.5,US,1683862678
382,port alfred,-33.5906,26.891,60.19,98,100,18.68,ZA,1683862630
383,grand falls-windsor,48.9332,-55.6649,33.51,79,30,1.99,CA,1683862477
384,qamdo,31.1667,97.2333,32.5,49,100,5.23,CN,1683862678
385,sikasso,10.9167,-7.0,84.63,42,93,8.39,ML,1683862678
386,aykhal,66.0,111.5,33.3,100,100,18.75,RU,1683862637
387,torghay,49.6339,63.4981,65.12,48,74,10.63,KZ,1683862679
388,tamandare,-8.7597,-35.1047,76.33,81,36,4.5,BR,1683862679
389,kristiansund,63.1115,7.732,48.85,93,100,0.0,NO,1683862627
390,santa cruz,-17.8,-63.1667,67.46,94,40,3.44,BO,1683862621
391,puerto san jose,13.9256,-90.8244,83.48,73,20,6.26,GT,1683862679
392,asa,58.0167,14.6,35.08,63,11,4.94,SE,1683862679
393,antofagasta,-23.65,-70.4,58.28,83,21,2.21,CL,1683862679
394,ambon,-3.6954,128.1814,80.74,89,40,2.3,ID,1683862679
395,mana,5.6592,-53.7767,77.04,90,100,7.02,GF,1683862633
396,san juan de miraflores,-12.1629,-76.9635,70.32,80,98,9.48,PE,1683862679
397,hashtpar,37.8008,48.9037,62.28,94,100,2.68,IR,1683862679
398,"laikit, laikit ii (dimembe)",1.4792,124.9735,86.85,62,40,10.36,ID,1683862679
399,dadukou,26.5479,101.7054,76.41,41,75,6.22,CN,1683862679
400,arfoud,31.4348,-4.2375,74.75,24,27,15.88,MA,1683862679
401,san antonio de pale,-1.4014,5.6325,82.44,80,93,11.1,GQ,1683862643
402,amahai,-3.3333,128.9167,78.55,90,100,0.85,ID,1683862679
403,castillos,-34.1667,-53.8333,52.88,69,31,1.97,UY,1683862630
404,kinkala,-4.3614,14.7644,71.24,94,100,1.16,CG,1683862679
405,hasaki,35.7333,140.8333,69.22,55,54,10.25,JP,1683862623
406,scottsburg,38.6856,-85.7702,70.77,80,100,5.77,US,1683862679
407,isla vista,34.4133,-119.861,63.61,76,0,4.0,US,1683862632
408,papao,-17.75,-149.55,82.08,95,100,25.08,PF,1683862634
409,tangalle,6.024,80.7911,84.36,90,100,11.25,LK,1683862680
410,puerto armuelles,8.2833,-82.8667,76.98,84,75,3.44,PA,1683862680
411,pearsall,28.8922,-99.095,80.38,84,6,18.52,US,1683862680
412,marquette,46.5333,-87.6335,62.04,81,99,4.18,US,1683862680
413,kalemie,-5.9475,29.1947,70.09,88,52,2.04,CD,1683862680
414,mumbai,19.0144,72.8479,87.78,74,20,4.61,IN,1683862436
415,mildura,-34.2,142.15,73.08,44,100,1.3,AU,1683862680
416,salalah,17.0151,54.0924,82.49,65,0,3.44,OM,1683862680
417,whistler,50.1164,-122.9695,56.71,67,100,2.57,CA,1683862634
418,midelt,32.6852,-4.7451,61.99,38,36,4.38,MA,1683862680
419,kribi,2.95,9.9167,77.81,92,99,4.5,CM,1683862680
420,bishkul,54.7803,69.1033,48.54,46,0,13.42,KZ,1683862680
421,bardai,11.65,7.2333,78.37,61,43,8.84,NG,1683862680
422,copala,16.65,-98.9833,80.92,73,30,3.87,MX,1683862680
423,tenenkou,14.4572,-4.9169,88.83,11,86,4.38,ML,1683862680
424,horta,38.5333,-28.6333,60.03,85,63,5.99,PT,1683862639
425,isabela,6.7085,121.9711,89.65,70,79,3.67,PH,1683862680
426,cidreira,-30.1811,-50.2056,62.49,71,89,9.35,BR,1683862517
427,sao pedro do piaui,-5.9294,-42.7186,71.65,86,49,2.28,BR,1683862681
428,taoudenni,22.6783,-3.9836,89.19,11,93,9.35,ML,1683862681
429,belyy yar,53.6039,91.3903,49.89,71,0,15.66,RU,1683862681
430,nadi,-17.8,177.4167,87.8,55,40,13.8,FJ,1683862643
431,cockburn town,21.4612,-71.1419,80.06,78,27,13.78,TC,1683862409
432,san borja,-14.8167,-66.85,69.87,91,100,2.95,BO,1683862681
433,undurkhaan,47.3194,110.6556,52.97,19,0,7.43,MN,1683862681
434,aral,40.5156,81.2636,80.44,4,12,15.59,CN,1683862681
435,babruysk,53.15,29.2333,47.73,74,8,4.12,BY,1683862681
436,merizo village,13.2658,144.6691,90.16,81,30,7.63,GU,1683862681
437,ashland,40.8167,-82.2665,63.14,77,46,3.78,US,1683862681
438,erenhot,43.6475,111.9767,55.47,48,96,15.75,CN,1683862681
439,corn island,12.1694,-83.0418,81.84,83,6,13.02,NI,1683862681
440,belmonte,-15.8631,-38.8828,75.43,84,57,4.92,BR,1683862620
441,gazojak,41.1875,61.4036,81.91,25,8,12.33,TM,1683862487
442,fraga,41.5229,0.3489,49.57,74,1,6.71,ES,1683862681
443,gislaved,57.3044,13.5408,40.1,61,12,4.14,SE,1683862681
444,camalu,30.85,-116.0667,57.31,87,35,10.71,MX,1683862682
445,kavali,14.9167,79.9833,90.66,50,99,0.13,IN,1683862682
446,sao vicente,-23.9631,-46.3919,71.98,26,86,3.49,BR,1683862639
447,tambacounda,13.7539,-13.7586,89.65,37,0,6.91,SN,1683862682
448,plettenberg bay,-34.0527,23.3716,56.39,83,100,11.45,ZA,1683862682
449,altamira,-3.2033,-52.2064,72.66,99,100,2.68,BR,1683862682
450,yuza,39.0,139.9167,59.05,50,0,7.56,JP,1683862682
451,iquitos,-3.7481,-73.2472,75.24,94,40,3.44,PE,1683862682
452,neiafu,-18.65,-173.9833,83.08,78,40,5.75,TO,1683862619
453,klyuchi,52.2667,79.1667,58.1,41,96,7.94,RU,1683862682
454,veinticinco de mayo,-35.4323,-60.1727,44.98,87,15,1.99,AR,1683862682
455,kuanda,56.3161,116.0806,43.52,43,79,4.99,RU,1683862682
456,la'ie,21.6477,-157.9253,78.12,72,42,5.99,US,1683862631
457,midland,31.9974,-102.0779,77.67,12,0,4.61,US,1683862520
458,newman,37.3138,-121.0208,71.94,68,0,1.99,US,1683862633
459,taperoa,-7.2075,-36.8267,67.84,96,40,5.84,BR,1683862682
460,guaruja,-23.9931,-46.2564,71.89,26,84,4.68,BR,1683862682
461,labytnangi,66.6572,66.4183,19.38,93,98,5.01,RU,1683862618
462,campbellsville,37.3434,-85.3419,66.31,56,100,5.55,US,1683862683
463,saint-philippe,-21.3585,55.7679,72.99,77,94,10.0,RE,1683862683
464,hovd,48.0056,91.6419,66.99,19,10,6.46,MN,1683862640
465,chililabombwe,-12.3648,27.8229,51.93,87,0,4.41,ZM,1683862683
466,macapa,0.0389,-51.0664,76.98,100,0,3.44,BR,1683862444
467,chamzinka,54.4019,45.7839,50.95,68,100,11.48,RU,1683862683
468,nabire,-3.3667,135.4833,84.31,75,100,2.35,ID,1683862683
469,paka,4.6374,103.4368,87.73,79,40,3.44,MY,1683862619
470,yopal,5.3378,-72.3959,72.46,93,99,2.26,CO,1683862683
471,kone,-21.0595,164.8658,78.21,60,100,8.05,NC,1683862626
472,hell-ville,-13.4,48.2667,73.27,76,20,2.3,MG,1683862683
473,balqash,46.8481,74.995,70.39,32,0,4.47,KZ,1683862683
474,el porvenir,13.7617,-87.3458,74.53,83,87,2.19,HN,1683862683
475,asentamiento humano nicolas de pierola,-11.95,-76.7,59.29,74,99,0.72,PE,1683862683
476,campagnano di roma,42.1388,12.3708,55.2,92,99,1.01,IT,1683862683
477,ruteng,-8.6136,120.4721,76.23,51,44,2.48,ID,1683862683
478,barrouallie,13.2333,-61.2667,77.07,80,100,7.36,VC,1683862683
479,fortaleza,-3.7227,-38.5247,82.53,83,0,3.44,BR,1683862670
480,dubbo,-32.25,148.6167,71.73,46,0,6.91,AU,1683862683
481,arkhangel'sk,64.5401,40.5433,43.59,82,100,2.73,RU,1683862684
482,pathein,16.7833,94.7333,79.65,86,100,5.82,MM,1683862636
483,mejit,10.2753,170.8646,81.12,81,79,16.82,MH,1683862684
484,jiazi,22.8779,116.067,73.62,79,100,8.14,CN,1683862684
485,vorkuta,67.5,64.0,21.31,85,16,5.97,RU,1683862396
486,bereznik,62.8551,42.7072,50.58,73,90,6.87,RU,1683862642
487,bayanhongor,46.7167,100.1167,47.77,34,100,3.49,MN,1683862629
488,okha,53.5739,142.9478,45.07,65,7,4.47,RU,1683862640
489,port augusta,-32.5,137.7667,68.7,41,7,8.79,AU,1683862440
490,puerto baquerizo moreno,-0.9,-89.6,78.8,88,84,8.46,EC,1683862630
491,akjoujt,19.6969,-14.4164,84.74,26,25,11.14,MR,1683862684
492,arno,60.1167,18.6333,44.78,61,65,7.99,SE,1683862684
493,yazoo city,32.8551,-90.4056,65.91,94,100,8.95,US,1683862684
494,bemidji,47.4736,-94.8803,69.89,60,0,6.91,US,1683862684
495,vertientes,21.2594,-78.1464,74.01,89,83,9.89,CU,1683862684
496,bulawayo,-20.15,28.5833,53.98,63,0,5.21,ZW,1683862684
497,bathsheba,13.2167,-59.5167,81.21,78,20,10.36,BB,1683862684
498,bodaybo,57.8506,114.1933,42.73,63,34,4.18,RU,1683862684
499,tobruk,32.0836,23.9764,63.25,85,0,11.72,LY,1683862684
500,aksu,41.1231,80.2644,75.2,8,13,5.17,CN,1683862684
501,ciudad bolivar,8.1222,-63.5497,83.34,58,62,11.36,VE,1683862640
502,raichur,16.2,77.3667,92.35,47,98,13.69,IN,1683862685
503,buurhakaba,2.8026,44.0781,75.15,89,86,11.68,SO,1683862685
504,broome,42.2506,-75.833,59.54,83,7,2.8,US,1683862589
505,naracoorte,-36.9579,140.7383,61.9,57,75,5.61,AU,1683862685
506,montecchio emilia,44.7014,10.4471,55.08,84,89,0.36,IT,1683862685
507,jaca,42.569,-0.5499,39.99,92,12,5.14,ES,1683862685
508,cadale,2.7603,46.3222,81.14,82,46,14.94,SO,1683862685
509,kembe,4.6228,21.8865,68.77,97,39,1.7,CF,1683862685
510,mcalester,34.9334,-95.7697,75.29,87,40,5.75,US,1683862685
511,kazanlak,42.6167,25.4,45.18,97,100,1.28,BG,1683862685
512,cooma,-36.2333,149.1333,61.05,32,66,2.71,AU,1683862685
513,valparaiso,-33.0393,-71.6273,71.24,57,0,4.61,CL,1683862685
514,aalborg,57.048,9.9187,48.13,87,75,4.61,DK,1683862685
515,plainfield,40.6168,-74.4173,73.89,55,0,4.61,US,1683862391
516,camabatela,-8.1881,15.375,59.79,57,18,3.85,AO,1683862685
517,mawlamyinegyunn,16.3833,95.2667,78.76,84,100,6.29,MM,1683862685
518,kapit,2.0167,112.9333,96.31,47,7,1.39,MY,1683862685
519,la sarre,48.8002,-79.1996,51.49,98,81,6.04,CA,1683862686
520,tual,-5.6667,132.75,78.98,88,100,15.08,ID,1683862686
521,forster,-32.1667,152.5167,69.39,72,0,3.0,AU,1683862638
522,lamu,-2.2717,40.902,77.22,83,93,13.11,KE,1683862621
523,enterprise,36.0252,-115.2419,80.82,16,20,8.01,US,1683862686
524,urengoy,65.9667,78.3667,15.31,82,85,10.38,RU,1683862686
525,makamba,-4.1348,29.804,62.83,91,100,2.26,BI,1683862686
526,tadine,-21.55,167.8833,73.87,70,100,19.95,NC,1683862686
527,howrah,22.5892,88.3103,89.6,79,75,8.05,IN,1683862617
528,beihai,21.4833,109.1,71.11,90,100,15.1,CN,1683862686
529,larreynaga,12.6769,-86.5719,79.88,75,76,2.08,NI,1683862686
530,kailua-kona,19.6406,-155.9956,82.27,77,40,6.91,US,1683862686
531,charters towers,-20.1,146.2667,76.82,51,73,16.15,AU,1683862686
532,mata-utu,-13.2816,-176.1745,83.71,71,55,14.27,WF,1683862533
533,veraval,20.9,70.3667,91.18,47,0,13.78,IN,1683862686
534,barkhan,29.8977,69.5256,87.53,11,0,2.19,PK,1683862686
535,newport,51.5877,-2.9984,51.51,90,20,13.35,GB,1683862686
536,namsos,64.4662,11.4957,46.45,93,100,0.0,NO,1683862686
537,albert,50.0009,2.651,52.07,95,0,8.05,FR,1683862687
538,contamana,-7.3333,-75.0167,71.56,99,31,0.85,PE,1683862687
539,sabratah,32.7933,12.4885,70.11,53,44,7.14,LY,1683862673
540,el calafate,-50.3408,-72.2768,43.75,85,52,10.65,AR,1683862687
541,sainyabuli,19.25,101.75,82.72,74,93,4.18,LA,1683862687
542,east london,-33.0153,27.9116,64.09,84,100,14.56,ZA,1683862687
543,saudarkrokur,65.7461,-19.6394,48.11,79,100,17.27,IS,1683862687
544,beichengqu,40.4394,113.1536,67.03,22,27,19.24,CN,1683862687
545,cestos city,5.46,-9.5828,78.6,86,100,3.98,LR,1683862622
546,corinto,37.9407,22.9573,53.89,84,3,3.56,GR,1683862687
547,naze,28.3667,129.4833,74.32,61,15,10.16,JP,1683862687
548,los andes,-32.8337,-70.5983,61.02,32,69,2.62,CL,1683862401
549,usinsk,65.9939,57.5281,32.59,100,100,14.45,RU,1683862687
550,mayna,54.1135,47.6231,50.76,64,100,11.61,RU,1683862687
551,nuku'alofa,-21.1333,-175.2,79.14,89,75,6.91,TO,1683862687
552,harper,4.375,-7.7169,80.87,84,99,6.17,LR,1683862688
553,praia,14.9215,-23.5087,72.14,78,20,11.5,CV,1683862688
554,champerico,14.3,-91.9167,85.28,70,33,11.32,GT,1683862688
555,klaksvik,62.2266,-6.589,47.32,82,45,5.57,FO,1683862688
556,sauri,11.7266,6.7837,78.85,59,38,7.07,NG,1683862688
557,whakatane,-37.9585,176.9854,60.51,62,2,4.0,NZ,1683862688
558,magdagachi,53.45,125.8,62.69,54,100,9.15,RU,1683862688
559,cannonvale,-20.2833,148.7,69.19,62,16,19.04,AU,1683862688
560,lisala,2.15,21.5167,71.91,92,84,1.23,CD,1683862688
561,moyale,3.5167,39.0584,66.38,85,97,2.1,KE,1683862688
562,pimentel,-6.8367,-79.9342,75.49,83,20,13.8,PE,1683862688
